Zip,geo_x,geo_y
10000,50.0036,14.4619
10100,50.0036,14.4619
10200,50.0667,14.55
10300,50.0167,14.65
10400,50.0333,14.6
10600,50.0036,14.4619
10700,49.6333,12.7167
10800,50.0036,14.4619
10900,50.05,14.5667
11000,50.3667,16.0417
11800,50.3667,16.0417
11900,50.3667,16.0417
12000,50.0783,14.4209
12800,50.0646,14.4399
13000,50.0877,14.5212
14000,50.0712,14.2758
14100,50.0712,14.2758
14200,49.9667,14.3778
14300,49.9667,14.4333
14700,50.0333,14.4167
14800,50.8167,14.4167
14900,49.85,14.2056
15000,50.0583,14.3917
15200,50.0333,14.4
15300,49.65,14.6
15400,50.0167,14.3667
15500,50.05,14.2833
15521,50.0667,14.2833
15531,49.95,14.3833
15600,48.6333,14.4333
15800,50.05,14.3667
15900,50,14.3917
16000,50.1,14.3333
16100,50.0833,14.3167
16200,50.1,14.35
16300,50.0667,14.3
16400,50.1167,14.3
16500,50.1333,14.3667
16900,50.1133,14.35
17000,50.1013,14.45
17100,50.1179,14.417
18000,49.9738,14.819
18100,50.1333,14.4167
18200,50.1444,14.4833
18400,50.15,14.45
18600,48.9667,16.9833
19000,50.1167,14.5
19011,50.0833,14.6167
19012,50.0833,14.5833
19014,50.1,14.6667
19015,50.1167,14.5833
19016,50.0833,14.6667
19017,50.15,14.6
19300,50.1167,14.6333
19600,50.15,14.55
19700,49.5667,13.6333
19800,50.1,14.5667
19900,50.1333,14.5167
25167,49.8833,14.6833
25208,49.8,14.4667
25601,49.7667,14.6333
25701,49.6833,14.7667
25703,49.6333,14.7
25706,49.6167,14.8
25708,49.5833,14.8833
25709,49.6333,14.95
25721,49.8333,14.6833
25722,49.85,14.65
25723,49.95,14.7167
25724,49.8333,14.8167
25725,49.6833,15.6167
25726,49.7833,14.85
25728,49.75,14.8167
25741,49.85,14.5833
25742,49.85,14.55
25744,49.8167,14.5
25751,49.6833,14.6833
25753,49.6667,14.5333
25755,49.7167,14.5667
25756,49.7833,14.5333
25762,49.7167,14.95
25763,49.7833,14.9833
25764,49.6833,14.9833
25765,49.6667,15.1
25766,49.6333,15.1
25768,49.7,15.15
25771,49.7333,15.0667
25786,49.55,14.6333
25787,49.5333,14.6167
25788,49.55,14.6
25789,49.5833,14.6
25791,49.5833,14.5667
25792,49.5833,14.55
25801,49.7333,14.9
25901,49.6333,14.6167
26401,49.6167,14.5
28506,49.85,14.8833
28509,49.775,15.0333
26601,49.9848,14.097
26701,49.9333,14
26703,49.9833,13.95
26705,50.0167,13.9667
26706,49.9833,14.05
26707,50.0167,14.0833
26711,49.9833,14.1333
26712,49.9833,14.1667
26716,50,14.2
26717,49.95,14.2167
26718,49.9333,14.1833
26721,49.9,14.0333
26722,49.9,14.0667
26723,49.8667,14
26724,49.85,14.05
26725,49.85,14.1
26726,49.8833,14.1167
26727,49.9167,14.1
26728,49.9,14.1833
26729,49.9167,14.2167
26741,49.95,13.8833
26742,49.95,13.85
26743,49.9,13.8667
26751,49.8833,13.9667
26753,49.8667,13.9
26754,49.8667,13.9333
26761,49.8667,13.8333
26762,49.8,13.85
26763,49.7667,13.85
26764,49.7833,13.8167
26801,49.8333,13.95
27201,50.1333,14.1167
27203,50.1667,14.15
27204,50.1333,14.0833
27301,50.0833,14.0167
27302,50.15,14.0167
27303,50.15,13.95
27304,50.1833,13.9833
27305,50.2,14.05
27306,50.1833,14.0833
27307,50.1833,14.0833
27308,50.2,14.1
27309,50.1667,14.1333
27321,50.2833,14.1667
27322,50.3167,14.1667
27323,50.3,14.2
27324,50.2833,14.2
27325,50.2167,14.1667
27326,50.2333,14.2167
27327,50.2167,14.2667
27328,50.2167,14.2333
27329,50.2,14.2333
27341,50.1833,14.15
27342,50.1667,14.25
27343,50.15,14.1833
27345,50.1333,14.15
27351,50.0667,14.0833
27353,50.1333,14.2333
27354,50.1333,14.2
27361,50.1,14.0667
27362,50.0833,14.0333
27363,50.0667,14
27364,50.1167,14.05
27371,50.2833,14.0667
27372,50.3167,14.1167
27373,50.3333,14.0167
27374,50.2667,13.9167
27375,50.2667,14
27376,50.2333,13.9333
27377,50.2167,13.9833
27378,50.2333,13.9667
27379,50.25,14.0333
27401,50.2333,14.1
25082,50.0833,14.7667
28002,50.0333,15.0333
28101,50.0589,15.1011
28102,50.0833,15.0833
28103,50.0667,14.9833
28104,50.0489,15.0269
28106,50.0333,14.9167
28107,50.0167,15.05
28121,49.9833,15.2167
28123,50.0167,15.3
28125,50.0386,15.2858
28126,50.0833,15.3667
28127,50.0656,15.3719
28128,50.0738,15.3635
28129,50.1333,15.3833
28130,50.1,15.3
28141,49.9833,15.15
28143,49.95,15.0833
28144,49.95,15.0333
28146,49.9167,14.9667
28151,50.095,15.1942
28161,50,14.9833
28162,49.9667,14.9167
28163,49.9,14.95
28166,49.9667,14.8167
28167,49.9,14.85
28171,50.0667,14.8
28172,50.3333,14.85
28201,50.0667,14.8167
28504,49.95,15.1
28911,50.0833,15.0167
28914,50.1,14.9333
28401,50.0167,15.4
28403,49.9667,15.2833
28404,49.9833,15.2667
28501,49.95,15.2
28502,49.95,15.1667
28503,49.9167,15.0833
28507,49.8333,14.9833
28510,49.8167,15.1
28511,49.8833,15.15
28521,49.8167,15.1833
28522,49.7833,15.1833
28523,49.7333,15.2
28525,49.7833,15.2333
28531,50.0611,15.24
28532,49.9833,15.3
28533,49.95,15.3333
28541,49.9167,15.2333
28542,49.8333,15.25
28543,49.85,15.3
28544,49.8667,15.3167
28545,49.9,15.3167
28546,49.6833,15.7167
28547,49.9167,15.2667
28561,49.9,15.4833
28562,49.8667,15.4667
28563,49.8667,15.4167
28564,49.8,15.4
28565,49.8167,15.35
28571,49.9167,15.4833
28572,49.95,15.4833
28573,50,15.4333
28574,50.0233,15.3522
28575,49.9667,15.4167
28576,49.95,15.4
28601,49.9667,15.5167
38401,49,14.05
27601,50.35,14.4833
27701,50.3667,14.45
27703,50.4167,14.4333
27704,50.3667,14.4
27705,50.35,14.3333
27706,50.3167,14.4
27707,50.3167,14.3333
27708,50.3333,14.3
27711,50.25,14.5333
27713,50.2333,14.6
27714,50.2167,14.65
27715,50.2667,14.55
27716,50.2833,14.6
27721,50.4833,14.55
27723,50.4167,14.55
27724,50.4167,14.55
27731,50.3333,14.5167
27732,50.35,14.5833
27733,50.3667,14.6333
27734,50.4,14.5833
27735,50.4667,14.6
27736,50.4667,14.65
27737,50.3833,14.6667
27738,50.35,14.6833
27741,50.3167,14.5167
27742,50.3,14.4667
27743,50.3167,14.4333
27744,50.3167,14.4
27745,50.25,14.3833
27746,50.2833,14.3333
27751,50.2833,14.3167
27752,50.3167,14.3167
27801,50.2333,14.35
29301,50.4167,14.9667
29306,50.45,14.9667
29307,50.45,14.8833
29401,50.4667,14.95
29402,50.4667,15.0167
29403,50.4667,15.0833
29404,50.3833,15.1
29405,50.4167,15.05
29406,50.4,15
29411,50.5667,15.0167
29412,50.5333,15.1
29413,50.5833,14.9333
29414,50.55,14.95
29415,50.5333,14.95
29421,50.5167,14.75
29423,50.4667,14.8
29424,50.4667,14.7333
29425,50.4833,14.7
29426,50.4167,14.7667
29427,50.4349,14.7575
29428,50.3333,14.8
29429,50.3667,14.8
29430,50.4,14.8167
29431,50.3667,14.8667
29441,50.3667,14.95
29442,50.3333,14.9333
29443,50.2667,14.9167
29445,50.3167,15.0167
29446,50.3833,15.0333
29447,50.35,15.0833
29448,50.3833,15.1
29471,50.3,14.85
29473,50.35,14.85
29474,50.25,14.7833
29475,50.2167,14.7667
29476,50.25,14.7
29477,50.3,14.7333
29478,50.3,14.7333
29479,50.3333,14.7
29501,50.55,14.9167
28802,50.2167,15.1167
28901,50.2667,15.1833
28902,50.2667,15.3667
28903,50.2333,15.35
28904,50.15,15.2333
28905,50.15,15.3167
28906,50.1333,15.25
28907,50.15,15.1833
28908,50.1833,15.3667
28912,50.1292,14.9667
28913,50.1667,15
28915,50.1,14.8167
28916,50.1667,14.8333
28917,50.1667,14.8667
28921,50.2167,14.9333
28922,50.2333,14.8333
28923,50.2333,14.9
28925,50.2333,14.9167
28926,50.2167,14.8
28931,50.2,15.0667
28932,50.2667,15.05
28933,50.2667,15.1
28934,50.3333,15.1833
28935,50.3333,15.1333
28936,50.3,15.0833
28937,50.3,15.05
28941,50.1,15.15
29001,50.2,15.1833
50351,50.2,15.3833
25001,50.1667,14.6833
25063,50.1667,14.55
25064,50.1833,14.5167
25065,50.1833,14.4833
25066,50.1667,14.45
25067,50.1833,14.4167
25068,50.1667,14.3833
25069,50.2,14.4167
25070,50.25,14.45
25072,50.2333,14.4833
25073,50.15,14.5833
25075,50.1667,14.7333
25081,50.1333,14.7333
25083,50.05,14.7333
25084,50.05,14.65
25087,50.15,14.8
25088,50.1667,14.7833
25089,50.0985,14.7364
25090,50.1167,14.7167
25091,50.15,14.6333
25092,50.1167,14.6833
25101,49.9833,14.6167
25162,49.9833,14.7667
25163,49.95,14.6667
25164,49.9333,14.7
25165,49.8833,14.7833
25166,49.9167,14.7333
25168,49.9167,14.5667
25169,49.9167,14.6833
25202,49.9333,14.35
25203,49.9,14.3
25204,49.8667,14.3167
25205,49.85,14.35
25206,49.8833,14.3833
25207,49.85,14.3833
25209,49.8833,14.4333
25210,49.85,14.3
25216,50.0167,14.2333
25217,50.0167,14.25
25218,50.05,14.1667
25219,50.0333,14.2167
25225,50.0167,14.2667
25226,49.9833,14.3333
25228,49.95,14.2833
25229,49.9167,14.25
25230,49.9167,14.25
25231,49.9333,14.3
25241,49.9333,14.4667
25242,49.9833,14.5333
25243,50,14.5667
25244,49.9333,14.5167
25245,49.9,14.4167
25246,49.9333,14.3833
25261,50.1167,14.2167
25262,50.15,14.3333
25263,50.1667,14.4
25264,50.1667,14.3
25265,50.2,14.3
25266,50.2,14.35
25267,50.1333,14.2833
25268,50.1333,14.25
25281,49.8833,14.4333
25282,49.8667,14.5
25301,50.0667,14.25
25401,49.9,14.5
26203,49.8167,14.3333
26101,49.65,14
26202,49.7833,14.2
26204,49.8333,14.2833
26205,49.8167,14.3333
26206,49.7833,14.35
26211,49.7667,14.1167
26212,49.75,14.15
26213,49.7,14.2333
26214,49.7,14.2833
26215,49.7333,14.2833
26221,49.7167,13.95
26222,49.75,14.0167
26223,49.7833,13.9833
26225,49.75,14.0667
26231,49.65,14.0333
26232,49.6,14.1167
26241,49.6667,13.9667
26242,49.6167,13.8333
26243,49.6167,13.8333
26244,49.5333,13.8167
26251,49.6667,14.3667
26252,49.6167,14.3833
26255,49.6,14.3667
26256,49.5667,14.2833
26261,49.7,14.15
26262,49.6667,14.1833
26263,49.6667,14.1667
26272,49.55,13.9
26281,49.6,13.9833
26284,49.55,14.1
26285,49.5167,13.9667
26291,49.65,14.4833
26293,49.7,14.3667
26301,49.7333,14.1667
26901,50.1333,13.7
26902,50.1083,13.7667
27001,50.15,13.6667
27002,50.1333,13.6167
27004,50.1833,13.5667
27006,50.2167,13.6667
27007,50.2,13.7
27008,50.1833,13.75
27009,50.1833,13.7333
27021,50.05,13.75
27023,50.0167,13.8333
27024,50.0333,13.9333
27031,50.1,13.6667
27032,50.1167,13.55
27033,50.1167,13.4833
27034,50.0167,13.5167
27035,50.0333,13.65
27036,50.0667,13.7
27041,50,13.7333
27042,49.95,13.7667
27051,50.1333,13.7667
27052,50.15,13.75
27053,50.1667,13.7667
27054,50.2167,13.8667
27055,50.2333,13.8
27061,50.1333,13.95
27062,50.1333,13.9167
27064,50.1833,13.95
27065,50.2333,13.8833
27101,50.1333,13.8833
37001,48.9,14.4
37004,48.9224,14.4643
37005,48.9224,14.4643
37006,48.9167,14.5167
37007,48.9167,14.5167
37008,48.9224,14.4643
37010,49.0167,14.5
37011,49.0167,14.5
37018,49.0167,14.5
37301,49.2,14.35
37302,49.2333,14.3833
37303,49.25,14.4167
37304,49.3,14.4
37311,48.9333,14.6333
37312,48.8667,14.6833
37314,48.8667,14.5667
37315,48.9093,14.6667
37316,48.9093,14.6667
37322,48.8167,14.5333
37323,48.8167,14.5
37324,48.85,14.5
37331,48.8333,14.7
37332,48.8833,14.7333
37333,48.8167,14.7167
37334,48.8167,14.8
37335,48.7667,14.7167
37336,48.75,14.6667
37341,49.1167,14.4
37343,49.1333,14.45
37344,49.0667,14.3667
37346,49.05,14.3333
37347,49.0667,14.2833
37348,49.1167,14.25
37349,49.0833,14.35
37350,49.1,14.3667
37351,49.15,14.35
37361,49.0167,14.4667
37362,49.0667,14.5167
37363,49.1,14.6167
37364,49.1333,14.6333
37365,49.1333,14.6333
37366,49.2,14.5167
37371,48.9833,14.5667
37372,49.0333,14.6333
37373,49.0167,14.6667
37381,48.9,14.45
37382,48.9167,14.4333
37384,48.9833,14.2667
37401,48.8667,14.65
37501,49.1667,14.3333
37901,48.9667,14.7167
39165,49.2667,14.4667
38101,48.7833,14.1833
38201,48.85,14.4167
38202,48.85,14.3833
38203,48.9333,14.2667
38206,48.9333,14.2167
38208,48.85,14.2167
38211,48.7833,14.2833
38216,48.7333,14.2167
38218,48.65,14.3667
38221,48.8167,14.25
38222,48.7667,14.1833
38223,48.7333,14.1167
38226,48.7,14.0833
38229,48.8167,14.2167
38231,48.8167,14.4
38232,48.8667,14.4
38241,48.7333,14.45
38242,48.7667,14.4667
38272,48.65,14.4333
38273,48.65,14.2833
38276,48.6667,14.2667
38278,48.6333,14.2167
38279,48.7,14.2
38281,48.7833,14.55
38282,48.7333,14.6333
38283,48.7583,14.5917
38291,48.6833,14.5833
38292,48.7,14.4
38293,48.6,14.4333
38451,48.9,13.7333
37701,49.1167,14.9667
37801,49.0833,14.9833
37802,49.0667,14.95
37803,48.9667,14.85
37804,48.9833,14.95
37805,48.9167,14.9167
37806,48.8833,14.8833
37807,48.8833,14.95
37808,48.85,14.9
37809,48.8167,14.9333
37810,48.7667,14.9667
37816,49.1333,14.7
37817,49.0833,14.8167
37818,49.0333,14.8833
37821,49.2,14.8833
37824,49.2377,14.8819
37825,49.2667,14.9333
37826,49.2167,14.9667
37831,49.1,15.0667
37832,49.0667,15.0833
37833,49.0333,15.1333
37841,49.1833,15.0667
37842,49.2,15.0833
37843,49.2667,15
37846,49.1333,14.9167
37852,49.15,15.1
37853,49.15,15.2167
37855,49.2167,15.1833
37856,49.1833,15.2833
37858,49.15,15.3333
37861,49.1167,15.1333
37862,49.1167,15.2
37871,49.0167,15.45
37872,48.9667,15.4667
37873,48.9667,15.55
37881,49.0333,15.4167
37882,49.0093,15.3564
37883,49.0667,15.3333
37891,49.0833,15.5333
37892,49.1,15.5833
38001,49.0833,15.4167
39301,49.4667,15.3333
39401,49.4,15.2333
39402,49.3667,15.2667
39403,49.3167,15.3333
39404,49.3833,15.3667
39405,49.4333,15.3667
39409,49.4833,15.25
39411,49.45,14.9667
39412,49.45,14.9667
39413,49.4167,15.0167
39414,49.4333,15.0833
39415,49.4167,15.1167
39421,49.4833,15.0833
39422,49.5833,15.0667
39424,49.5833,15.05
39426,49.5667,15
39427,49.559,15.0784
39428,49.5167,15.0333
39443,49.5,15.3333
39444,49.5333,15.2333
39445,49.5333,15.1833
39446,49.5167,15.1833
39451,49.6,15.3
39452,49.5833,15.4
39456,49.5667,15.2
39459,49.5833,15.2667
39461,49.3667,15.15
39462,49.3833,15.2
39463,49.3,15.1833
39464,49.2667,15.25
39468,49.2833,15.2
39470,49.3667,15.0833
39491,49.3167,15.0167
39492,49.3,14.9667
39493,49.3333,14.9667
39494,49.3667,14.9667
39495,49.3833,14.9167
39496,49.35,15.0667
39501,49.5833,14.9833
39601,49.5167,15.35
39701,49.2833,14.15
39702,49.3443,14.1385
39801,49.4333,14.0333
39804,49.4833,14.0167
39806,49.5167,14.05
39807,49.5,14.1667
39811,49.1833,14.1833
39815,49.25,14.2167
39816,49.25,14.3
39817,49.3167,14.3
39818,49.3333,14.2167
39819,49.3167,14.3
39821,49.2333,14.1
39822,49.2333,14.1
39831,49.7,14.3833
39832,49.3833,14.1417
39833,49.4167,14.1167
39834,49.4333,14.25
39835,49.3833,14.2
39842,49.3833,14.3667
39843,49.3167,14.3667
39847,49.3333,14.3333
39848,49.3833,14.2833
39851,49.4167,14.4167
39853,49.5333,14.4333
39855,49.5167,14.2833
39858,49.5,14.2167
39859,49.4667,14.2833
39901,49.45,14.3
38301,49.0333,14
38402,48.9833,14.15
38403,48.9167,14.1333
38404,48.95,14.0667
38411,49.0333,14.2667
38421,49.0333,13.85
38422,49.0833,13.9667
38425,49.1,14.0167
38426,49.0833,14.0667
38427,49.05,14.0833
38432,49.0333,13.9333
38433,49,13.9333
38441,48.9333,13.9833
38442,48.9167,13.8
38443,48.9,13.7
38444,48.8667,13.8333
38462,48.7667,13.9333
38471,49.0333,13.8833
38472,49.0833,13.7
38473,49.1,13.6667
38481,49.1167,13.85
38486,49.1333,13.7333
38491,48.95,13.7667
38492,48.9833,13.6667
38501,49.0833,13.7833
34201,49.2216,13.59
38601,49.25,14.05
38701,49.1333,14
38706,49.1333,13.8833
38711,49.2667,13.8333
38715,49.3,13.7667
38716,49.25,13.75
38719,49.1667,13.7667
38720,49.2333,13.8
38731,49.3167,13.9333
38732,49.3667,13.95
38733,49.4,13.7833
38734,49.3833,13.8333
38735,49.35,13.8667
38736,49.35,13.8167
38737,49.3333,13.8667
38742,49.4833,13.75
38743,49.5,13.8833
38751,49.2667,14.0167
38752,49.2333,14.0333
38756,49.15,13.9667
38771,49.15,14.2333
38772,49.1,14.2
38773,49.1667,14.0667
38775,49.1833,14.1
38801,49.4,13.9167
38901,49.1,14.1667
39001,49.4,14.65
39002,49.4167,14.7167
39003,49.4167,14.65
39005,49.4183,14.6717
39101,49.4306,14.6942
39102,49.4306,14.6942
39111,49.3667,14.6333
39116,49.3,14.75
39117,49.3167,14.75
39118,49.3333,14.8333
39120,49.3667,14.85
39121,49.3833,14.7667
39126,49.2833,14.8167
39127,49.25,14.85
39131,49.45,14.5667
39132,49.4667,14.4833
39133,49.5,14.5667
39135,49.5,14.6167
39136,49.4809,14.58
39137,49.4667,14.7167
39142,49.4667,14.7667
39143,49.6,14.8
39152,49.5333,14.8833
39153,49.4667,14.9167
39155,49.4167,14.85
39156,49.4,14.75
39161,49.4,14.4833
39162,49.3833,14.5
39171,49.25,14.5167
39172,49.3456,14.5939
39173,49.3,14.6333
39174,49.3333,14.6667
39175,49.3667,14.5667
39176,49.3833,14.6167
39181,49.2,14.7333
39201,49.2333,14.7
39852,49.5,14.4833
33452,49.5167,13.15
34401,49.7833,13.5167
34501,49.4,12.9667
34502,49.4,13
34506,49.4333,13.0833
34507,49.3333,13
34509,49.35,13.15
34521,49.5,12.8833
34522,49.5333,13.0333
34525,49.6167,12.7833
34526,49.5833,12.7
34532,49.3667,12.85
34533,49.4167,12.8167
34534,49.4333,12.8167
34535,49.45,12.8167
34543,49.45,13.1167
34545,49.5,12.9833
34561,49.5333,13.0167
34562,49.6,12.9833
34601,49.5,13.0167
35002,49.9167,12.6667
35101,50.1167,12.35
35124,50.2833,12.1833
35134,50.15,12.3833
35135,50.2167,12.35
35137,50.25,12.4
35201,50.0833,12.6
35301,49.95,12.7333
35491,50.0167,12.6333
33041,50,13
33162,50.0167,13.2167
35735,50.2143,12.7452
36001,50.2167,12.8
36004,50.25,12.8833
36005,50.2194,12.8861
36006,50.1833,13.0833
36007,50.2,12.8167
36010,50.2667,13.2333
36017,50.2333,12.8167
36018,50.1667,13.0167
36221,50.3167,12.7
36222,50.3071,12.7595
36225,50.3,12.7667
36233,50.3,12.8667
36234,50.3333,12.85
36235,50.3833,12.7667
36236,50.4,12.8167
36251,50.35,12.95
36263,50.25,12.9
36272,50.2333,13
36273,50.3,13.0333
36301,50.3833,13.05
36401,50.0833,13.0333
36452,50.1667,13.1667
36453,50.1333,13.2
36461,50,12.9
36464,50.05,12.8833
36471,50.1167,13.05
43151,50.3667,13.1
44101,50.15,13.2833
33401,49.1667,13.6167
33501,49.4667,13.4667
33901,49.3833,13.35
34004,49.1333,13.2
34012,49.5167,13.3333
34021,49.3333,13.1833
34022,49.25,13.1667
34034,49.3833,13.4667
34101,49.3667,13.6333
34142,49.25,13.3333
34192,49.15,13.5167
30100,49.7,13.4
30700,49.775,13.4458
31000,49.7548,13.3286
31200,49.76,13.3233
31500,49.7548,13.3286
31700,49.7548,13.3286
31800,49.75,13.3667
32000,49.7267,13.3833
32100,49.7,13.35
32200,49.75,13.3
32300,49.7667,13.3667
32600,49.7333,13.4167
33201,49.7,13.5333
33202,49.8667,13.9167
33203,49.6667,13.5
33204,49.6333,13.4667
33205,49.65,13.4833
33207,49.6167,13.45
33209,49.65,13.4167
33211,49.6333,13.1167
33214,49.65,13.2167
33301,49.65,13.2
33441,49.7667,13.8333
33442,49.6333,13.3167
33443,49.6,13.2833
33444,49.6,13.35
33445,49.5833,13.4167
33453,49.5333,13.25
33454,49.55,13.3167
33455,49.5333,13.3833
33503,49.5,13.6
33541,49.5167,13.6167
33543,49.5333,13.7
33544,49.4667,13.7333
33546,49.4333,13.6833
33547,49.4333,13.6167
33551,49.5167,13.5333
33554,49.5,13.5
33555,49.45,13.5167
33561,49.6,13.5833
33562,49.6167,13.6833
33563,49.5667,13.65
33564,49.55,13.6833
33601,49.5667,13.5833
33001,49.75,13.4833
33002,49.7833,13.4833
33003,49.8,13.5
33004,49.85,13.4333
33005,49.8833,13.4667
33007,49.8,13.45
33008,49.8,13.4333
33011,49.8167,13.4
33012,49.8333,13.3667
33013,49.8667,13.3
33014,49.8167,13.3333
33016,49.8333,13.25
33017,49.7833,13.3167
33021,49.7,13.2667
33022,49.6833,13.2167
33023,49.7333,13.1167
33024,49.7,13.1167
33025,49.7167,13.15
33026,49.7333,13.2333
33027,49.7333,13.2833
33032,49.7667,13.2333
33033,49.7833,13.15
33034,49.7667,13.15
33035,49.8167,13.15
33036,49.8667,13.1167
33038,49.9,13.1
33101,49.9333,13.4
33141,49.9667,13.55
33144,49.9833,13.55
33151,49.9,13.4667
33152,49.9167,13.2667
33165,50.0833,13.4
34901,49.7667,13.1
34952,49.85,13.05
33701,49.7,13.5833
33703,49.7512,13.6369
33801,49.7833,13.7
33805,49.8,13.7333
33806,49.7833,13.7833
33808,49.9167,13.6667
33821,49.7667,13.6
33822,49.7667,13.65
33823,49.8167,13.5333
33824,49.8333,13.5833
33826,49.8667,13.5667
33828,49.85,13.6333
33841,49.75,13.5333
33842,49.7167,13.6333
33843,49.65,13.6833
33844,49.7167,13.6833
33845,49.75,13.8
35601,50.25,12.6333
35604,50.1667,12.65
35701,50.2018,12.5904
35703,50.1833,12.6333
35707,50.2667,12.5667
35709,50.2167,12.6
35731,50.15,12.8
35733,50.1833,12.75
35734,50.2167,12.7333
35751,50.1167,12.5167
35755,50.15,12.5667
35801,50.2667,12.4833
34701,49.8333,12.5833
34801,49.7833,12.7333
34802,49.75,12.7667
34806,49.7833,12.7833
34815,49.8167,12.7833
34953,49.8833,12.8667
34961,49.7167,12.9833
46353,50.7738,14.8524
47001,50.6667,14.5167
47006,50.6647,14.5245
47101,50.6,14.4833
47103,50.4667,14.7167
47104,50.5833,14.4167
47105,50.6833,14.4
47106,50.6833,14.3833
47107,50.7167,14.3833
47108,50.7,14.4167
47111,50.7167,14.5
47112,50.5,15.0667
47113,50.7667,14.4333
47114,50.7667,14.4833
47115,50.8,14.45
47116,50.7833,14.5333
47117,50.7333,14.4833
47118,50.7167,14.5667
47121,50.6833,14.5833
47123,50.65,14.6333
47124,50.65,14.7333
47125,50.75,14.7667
47126,50.7333,14.8167
47127,50.7,14.8
47128,50.7167,14.8667
47129,50.7,14.7167
47141,50.5333,14.5
47151,50.7833,14.6
47152,50.75,14.6
47154,50.75,14.6667
47155,50.787,14.6435
47156,50.8,14.65
47157,50.8333,14.6667
47158,50.7333,14.6333
47161,50.5833,14.5667
47162,50.5,14.6333
47163,50.5833,14.6333
47167,50.6333,14.6
47201,50.55,14.6333
47301,50.7333,14.5667
40502,50.7278,14.1528
40505,50.7278,14.1528
40701,50.7667,14.0833
40703,50.7333,14.1833
40711,50.6833,14.2
40713,50.8,14.2667
40714,50.8167,14.2667
40715,50.8333,14.3667
40716,50.8667,14.35
40717,50.8667,14.3
40721,50.3167,14.0667
40722,50.7667,14.3333
40723,50.7167,14.3667
40725,50.6833,14.35
40729,50.75,14.4
40741,50.7833,14.3167
40742,50.7667,14.35
40744,50.85,14.5
40745,50.8167,14.5333
40746,50.9,14.5167
40747,50.9167,14.6167
40751,50.8667,14.5
40752,50.9,14.5667
40753,50.8167,14.4
40755,50.8833,14.6
40756,50.8667,14.5833
40757,50.9,14.5667
40760,50.95,14.4167
40761,50.95,14.5
40777,51.0167,14.4667
40778,50.9833,14.4
40779,50.95,14.3667
40780,50.9667,14.3333
40781,51.0333,14.3667
40782,51,14.3
40801,50.8667,14.5667
43001,50.5167,13.35
43003,50.4667,13.4025
43004,50.4667,13.4025
43101,50.45,13.3833
43102,50.4667,13.3
43111,50.4667,13.4833
43114,50.4667,13.5333
43115,50.4833,13.5
43121,50.5333,13.4167
43132,50.5667,13.3333
43141,50.4333,13.4667
43143,50.3833,13.5
43144,50.4333,13.4333
43145,50.4,13.4333
43153,50.3167,13.35
43154,50.3,13.3167
43155,50.3,13.2833
43156,50.2667,13.2833
43157,50.3333,13.4333
43158,50.45,13.25
43159,50.5167,13.4667
43163,50.3833,13.0833
43182,50.5167,13.2667
43183,50.4667,13.2333
43184,50.4167,13.1167
43186,50.4333,13.05
43191,50.4833,13.0833
43201,50.4167,13.2667
43801,50.3833,13.4667
46342,50.65,15.1167
46601,50.7292,15.1681
46602,50.7333,15.1833
46604,50.7333,15.1667
46605,50.75,15.1333
46606,50.7,15.2
46801,50.5833,14.5667
46802,50.4667,14.9
46803,50.7167,15.1
46804,50.7333,15.1167
46811,50.7667,15.1833
46812,50.7878,15.1417
46821,50.6833,15.25
46822,50.65,15.2167
46824,50.7,15.3167
46825,50.7,15.2667
46826,50.7,15.2333
46827,50.6592,15.2163
46833,50.6333,15.15
46841,50.75,15.3167
46843,50.75,15.2667
46844,50.5333,15.5
46845,50.7167,15.3167
46846,50.7,15.3167
46847,50.6833,15.35
46848,50.75,15.35
46849,50.7681,15.3639
46850,50.8167,15.35
46851,50.7369,15.2358
46861,50.7589,15.3136
46871,50.7333,15.2167
46001,50.7722,14.9556
46003,50.7722,14.9556
46005,50.7722,14.9556
46006,50.7722,14.9556
46007,50.7722,14.9556
46008,50.7722,14.9556
46009,50.7722,14.9556
46010,50.7722,14.9556
46014,50.7722,14.9556
46015,50.7722,14.9556
46303,50.7833,15.0333
46311,50.7333,15.1
46312,50.7,15.05
46331,50.85,15.1
46334,50.85,14.85
46343,50.7,14.9667
46344,50.6333,15.0833
46345,50.5833,15.0333
46346,50.5833,15.0833
46348,50.6333,14.9667
46352,50.45,14.9167
46362,50.8667,15.2167
46365,50.9575,15.2492
46373,51,15.0333
46401,50.9,15.0167
41002,50.5333,13.9667
41101,50.5167,14.0667
41103,50.5667,14.0333
41108,50.4833,14.4
41111,50.5,14.05
41112,50.4833,14.0333
41113,50.4667,13.9833
41114,50.5,13.9667
41115,50.5333,13.9333
41116,50.4333,14.0167
41117,50.4,14.0167
41118,50.4,14.15
41119,50.3738,14.0786
41120,50.35,14.0833
41121,50.3167,14
41131,50.55,13.9833
41132,50.5333,13.9333
41133,50.5667,14.0333
41141,50.55,14.1667
41142,50.5667,14.2
41145,50.5333,14.25
41146,50.5667,14.3
41147,50.5,14.2833
41148,50.5167,14.2333
41155,50.5167,14.15
41156,50.5,14.15
41162,50.5333,14.4333
41164,50.4833,14.2833
41171,50.4667,14.25
41172,50.4833,14.3333
41173,50.4833,14.4333
41174,50.5,14.3833
41181,50.4074,14.2685
41182,50.45,14.1667
41183,50.45,14.2333
41184,50.3667,14.25
41185,50.35,14.35
41186,50.4167,14.3333
41187,50.4,14.3
41201,50.5,14.2167
41301,50.4167,14.25
43901,50.3667,13.85
43902,50.3333,13.8
43903,50.3333,13.85
43904,50.3,13.8667
43905,50.3,13.9
43906,50.3167,13.9167
43907,50.3333,13.9667
43908,50.3833,13.9333
43909,50.35,13.9167
43914,50.3,13.85
43915,50.2833,13.8167
43921,50.4,13.95
43922,50.4,13.8667
43923,50.3667,13.7667
43924,50.4167,13.7833
43926,50.45,13.8333
43931,50.2667,13.55
43942,50.3667,13.7167
43949,50.35,13.5833
43963,50.3,13.6167
43965,50.2833,13.7333
43967,50.2708,13.6875
43968,50.2333,13.7333
43969,50.2667,13.6667
43971,50.2167,13.3167
43972,50.25,13.3667
43975,50.3333,13.5167
43981,50.1833,13.4333
43982,50.1833,13.3833
43983,50.15,13.3167
43984,50.1,13.4
43985,50.1333,13.45
43986,50.1833,13.5167
43987,50.2,13.4667
43988,50.2167,13.4667
44001,50.3333,13.6833
43401,50.4833,13.7167
43501,50.4333,13.6
43511,50.4167,12.95
43513,50.6167,13.6
43521,50.5167,13.7167
43522,50.55,13.7
43524,50.4833,13.75
43526,50.45,13.7167
43532,50.5833,13.6667
43533,50.5833,13.6667
43542,50.5833,13.5667
43543,50.5667,13.5333
43545,50.6333,13.5
43546,50.5833,13.4167
43547,50.6333,13.3833
43601,50.6167,13.5833
43603,50.6,13.5833
41501,50.3167,14.3167
41503,50.6333,13.8167
41510,50.6667,13.8667
41701,50.6833,13.7833
41702,50.6833,13.8167
41703,50.6667,13.7833
41704,50.8167,14.5
41705,50.6333,13.6667
41712,50.6833,13.8333
41713,50.65,13.9
41722,50.6333,13.7
41723,50.65,13.7667
41724,50.6333,13.75
41725,50.6167,13.7667
41731,50.65,13.8167
41732,50.7333,13.7667
41741,50.7167,13.85
41742,50.6833,13.8667
41743,50.6833,13.9
41752,50.5833,13.8167
41753,50.5667,13.8167
41754,50.5667,13.8667
41757,50.5333,13.8833
41761,50.45,14.1833
41762,50.6,13.8833
41763,50.6,13.8667
41765,50.4667,14.1667
41771,50.4667,13.8333
41772,50.5667,13.8
41781,50.7167,13.65
41801,50.15,15.55
41804,50.15,15.55
41901,50.6833,13.7167
40001,50.6667,13.9833
40002,50.7167,14.0833
40003,50.65,14.0833
40004,50.6167,14.0167
40007,50.6667,14.0833
40010,50.6833,14
40011,50.6833,14.0667
40301,50.6333,14.15
40302,50.5833,14.0333
40313,50.6167,13.95
40317,50.6833,13.9333
40321,50.6167,14.0833
40322,50.6667,14.1
40323,50.6333,14.1667
40327,50.6333,14.15
40331,50.6833,14.1
40332,50.6833,14.1833
40334,50.7333,14.0333
40335,50.7667,14.0333
40336,50.7833,14.0333
40337,50.7333,13.9833
40338,50.7333,13.9667
40339,50.7,13.9167
40340,50.6833,14.0167
58001,49.65,15.5667
58221,49.6667,15.45
58222,49.55,15.7167
58223,49.6333,15.7667
58224,49.6667,15.7667
58231,49.6333,15.5
58232,49.6167,15.4333
58233,49.6333,15.4
58234,49.5833,15.4667
58235,49.6667,15.5
58241,49.6833,15.5167
58242,49.7167,15.5167
58243,49.7,15.5
58244,49.7167,15.5292
58245,49.7667,15.5833
58251,49.5333,15.6667
58252,49.4167,15.7667
58253,49.5333,15.6167
58254,49.5167,15.5
58255,49.55,15.45
58256,49.5667,15.4667
58257,49.55,15.55
58261,49.6333,15.6833
58262,49.6939,15.8123
58263,49.65,15.7833
58264,49.7167,15.7833
58265,49.75,15.7833
58266,49.6833,15.85
58271,49.6667,15.6
58272,49.6667,15.65
58273,49.7333,15.6571
58274,49.7833,15.6333
58276,49.7667,15.6667
58277,49.7333,15.7
58281,49.75,15.4833
58282,49.8333,15.4833
58283,49.4833,15.5333
58286,49.785,15.5117
58287,49.7333,15.3333
58291,49.6667,15.35
58292,49.65,15.2667
58293,49.6667,15.25
58294,49.5333,15.3167
58301,49.7167,15.6167
58401,49.7,15.1833
50002,50.2117,15.8442
50003,50.2333,15.9
50004,50.2,15.7667
50006,50.2317,15.8649
50008,50.2317,15.8649
50009,50.2,15.85
50011,50.1833,15.8333
50012,50.175,15.8333
50301,50.2333,15.8
50302,50.25,15.8167
50303,50.3167,15.7333
50304,50.3167,15.8833
50305,50.3333,15.7833
50306,50.3167,15.7667
50311,50.2333,15.8
50312,50.25,15.75
50313,50.2833,15.7
50314,50.3,15.6333
50315,50.25,15.7167
50316,50.2333,15.7
50321,50.2167,15.75
50322,50.2,15.6833
50323,50.2,15.6333
50324,50.1667,15.6
50325,50.15,15.65
50326,50.15,15.6833
50327,50.15,15.7167
50331,50.15,15.8167
50332,50.1833,15.7833
50333,50.1733,15.7453
50341,50.2333,15.85
50343,50.2642,15.9392
50344,50.2833,15.9667
50346,50.2017,15.9969
50352,50.2667,15.5
50353,50.2833,15.45
50354,50.3283,15.5106
50355,50.1667,16.05
50356,50.2833,15.4167
50357,50.2667,15.45
50361,50.1667,15.3833
50362,50.2167,15.4167
50363,50.2,15.4667
50364,50.2167,15.5167
50365,50.1833,15.55
50366,50.15,15.55
50401,50.2167,15.5
50703,50.3,15.4167
53701,49.9333,15.8333
53703,49.9472,15.7875
53705,49.9472,15.7875
53801,49.9667,15.7333
53802,49.9333,15.7
53803,49.95,15.6667
53804,49.9,15.6333
53805,49.8667,15.6333
53807,49.6833,15.6833
53821,49.9,15.7333
53823,49.8833,15.7667
53824,49.8833,15.8167
53825,49.8167,15.75
53826,49.85,15.7167
53831,49.9833,15.7667
53832,49.9833,15.8667
53833,49.9333,15.9167
53834,49.9167,15.95
53835,49.9167,15.8667
53836,49.8667,15.8667
53841,49.872,15.5667
53842,49.8833,15.5167
53843,49.9167,15.5333
53845,49.8333,15.6
53851,49.8667,15.95
53852,49.8833,16
53854,49.9,16
53861,49.95,15.85
53862,49.9667,15.9333
53863,49.95,16.0333
53864,49.9333,16.0333
53865,49.9167,16.0833
53901,49.7167,15.8833
53941,49.7333,15.9833
53942,49.7167,16.05
53943,49.7667,16.0333
53944,49.8333,16.1333
53945,49.85,16.15
53952,49.7833,15.8167
53953,49.8,15.75
53955,49.85,15.8833
53956,49.85,15.95
53957,49.8167,15.9
53961,49.7167,15.9333
53962,49.7167,15.85
53971,49.7833,15.9167
53972,49.8,15.9667
53973,49.8667,16.0833
53974,49.8359,15.9801
53976,49.8333,15.95
56982,49.7667,16.1
56983,49.75,16.0833
50601,50.4333,16.0833
50702,50.35,15.4167
50704,50.3833,15.4667
50705,50.4,15.4833
50706,50.4333,15.4667
50707,50.4333,15.4333
50711,50.45,15.3833
50712,50.4667,15.4333
50713,50.4833,15.3667
50715,50.5,15.3
50721,50.4,15.3167
50722,50.4167,15.2333
50723,50.35,15.1667
50724,50.3694,15.1728
50731,50.3667,15.3333
50732,50.3667,15.2833
50733,50.3167,15.3167
50734,50.3,15.3833
50742,50.4333,15.2
50743,50.4667,15.15
50744,50.5,15.1667
50745,50.4833,15.2333
50752,50.3728,15.5456
50753,50.3667,15.4833
50754,50.3833,15.5167
50758,50.4167,15.5167
50759,50.4167,15.5667
50771,50.45,15.65
50773,50.2,15.15
50777,50.4069,15.6154
50781,50.45,15.55
50782,50.4833,15.6333
50791,50.5167,15.45
50792,50.4833,15.4667
50801,50.2167,15.2833
50901,50.4667,15.5333
51263,50.5167,15.2833
54443,50.4,15.9
54701,50.4167,16.2
54901,50.3667,16.1
54906,50.3167,16.0833
54907,50.35,16.0833
54908,50.3833,16.1167
54911,50.4333,16.15
54912,50.4167,16.1333
54921,50.4,16.2333
54922,50.3667,16.2333
54923,50.35,16.2167
54931,50.55,16.1667
54932,50.4667,16.1833
54934,50.5,16.1833
54936,50.5333,16.1667
54937,50.4667,16.2333
54941,50.4833,16.1167
54946,50.4667,16.15
54947,50.45,16.0333
54948,50.4167,16.0833
54952,50.6167,16.1
54954,50.5167,16.2
54955,50.5689,16.1985
54956,50.55,16.1833
54957,50.6,16.2
54962,50.55,16.2667
54963,50.5,16.25
54964,50.5167,16.2333
54971,50.3833,16.1167
54972,50.5667,16.4
54973,50.55,16.35
54974,50.5167,16.3667
54981,50.6167,16.25
54982,50.6167,16.2167
54983,50.6333,16.2667
54984,50.6333,16.3333
55001,50.5833,16.3333
55101,50.3333,15.8833
55102,50.3333,15.9167
55201,50.3833,15.95
55202,50.4,16
55203,50.3833,16
55204,50.4167,15.95
55205,50.4167,16
55211,50.35,15.8167
55212,50.4833,15.5167
55221,50.3167,15.9167
55222,50.3181,15.995
55224,50.3667,16.05
55225,50.35,15.9667
53002,49.9833,15.8667
53003,50.0333,15.8
53006,50.0333,15.7167
53009,50.05,15.775
53012,50.0143,15.8126
53301,50.0167,15.8333
53303,50.0308,15.9222
53304,50.0667,15.8333
53305,50.1,14.8167
53311,50.0167,15.4667
53312,50.0339,15.4206
53313,50.05,15.4833
53314,50.0561,15.4897
53315,50.0833,15.4333
53316,50.1,15.55
53321,50.1,15.9667
53322,50.1353,15.9189
53331,50.0333,15.6833
53332,49.9833,15.7167
53333,50,15.7667
53341,50.0833,15.65
53342,50.0611,15.6522
53343,50.1167,15.6
53344,50.1333,15.7167
53345,50.0833,15.7333
53351,50.0333,15.7333
53352,50.1,15.7833
53353,50.0667,15.75
53354,50.0597,15.7183
53361,49.9833,15.6167
53362,49.9667,15.6
53363,49.95,15.55
53364,49.9833,15.5667
53371,50.0333,15.9833
53372,50,15.95
53373,50,16.0167
53374,50.05,16.1
53375,50.0833,15.9667
53401,49.9833,16.0833
53501,50,15.5833
56601,50,16.1
51601,50.15,16.3
51603,50.1833,16.3
51701,50.2,16.25
51702,50.2167,16.2667
51703,50.25,16.3
51704,50.1833,16.2167
51711,50.1667,16.35
51712,50.2,16.35
51721,50.2,16.1667
51722,50.15,16.0667
51723,50.1167,16.0833
51724,50.1,16.1
51725,50.45,16.2333
51731,50.2,16.0833
51732,50.2333,16.1333
51733,50.25,16.1667
51734,50.2167,16.15
51735,50.1833,16.1667
51736,50.15,16.15
51741,50.1333,16.15
51742,50.1,16.2667
51743,50.0833,16.3333
51745,50.0833,16.25
51750,50.1333,16.1833
51754,50.1,16.3167
51755,50.1,16.3667
51756,50.1333,16.4
51757,50.15,16.4167
51761,50.175,16.4417
51764,50.175,16.4417
51771,50.2167,16.0667
51772,50.25,16.0167
51773,50.2667,16.0833
51783,50.3167,16.2167
51784,50.3167,16.2167
51791,50.3333,16.3167
51792,50.3,16.2667
51793,50.2667,16.2667
51801,50.2333,16.2167
51803,50.2667,16.2167
51101,50.3833,14.9333
51201,50.5833,15.3333
51202,50.5653,15.4033
51203,50.5667,15.4167
51204,50.6,15.4833
51206,50.6,15.3667
51211,50.6833,15.4
51212,50.65,15.35
51213,50.6667,15.375
51231,50.5667,15.5
51232,50.606,15.5501
51233,50.5486,15.5447
51234,50.5264,15.5725
51235,50.606,15.5501
51236,50.6,15.5833
51237,50.65,15.5667
51238,50.6833,15.5333
51241,50.6333,15.45
51242,50.65,15.45
51243,50.6833,15.45
51244,50.7333,15.4333
51245,50.7333,15.45
51246,50.7833,15.4167
51247,50.7167,15.4
51251,50.55,15.3833
51252,50.55,15.3
51253,50.5667,15.2833
51261,50.5833,15.1167
51264,50.5333,15.1667
51265,50.5667,15.1167
51271,50.5167,15.4167
51301,50.6,15.3
51401,50.5333,15.5333
56301,49.85,16.7167
56802,49.6667,16.4667
56901,49.7167,16.4833
56902,49.65,16.5167
56903,49.6372,16.4846
56904,49.6167,16.5333
56905,49.6372,16.4846
56906,49.6167,16.4667
56907,49.7167,16.45
56911,49.7667,16.55
56912,49.8333,16.5
56914,49.7333,16.4333
56921,49.75,16.6333
56922,49.6667,16.65
56923,49.65,16.6167
56924,49.8,16.65
56932,49.8,16.6833
56933,49.8333,16.7
56934,49.8167,16.6917
56935,49.8167,16.6917
56941,49.7,16.7333
56942,49.6667,16.75
56943,49.6333,16.7333
56944,49.6333,16.75
56951,49.8667,16.2333
56953,49.9,16.2333
56955,49.85,16.3833
56956,49.8167,16.35
56957,49.8,16.35
56961,49.8333,16.2667
56962,49.7833,16.25
56963,49.7667,16.2333
56965,49.8,16.1667
56966,49.8333,16.1667
56967,49.85,16.3
56971,49.7167,16.3167
56972,49.65,16.4
56973,49.6167,16.4167
56974,49.6,16.4
56991,49.6667,16.3
56992,49.6333,16.3333
56993,49.6667,16.25
56994,49.7,16.1833
57001,49.8167,16.3
57101,49.8,16.6667
57201,49.75,16.2667
54101,50.6667,15.95
54102,50.5833,15.9
54103,50.5833,15.95
54201,50.6667,15.9
54203,50.6717,15.9675
54204,50.65,15.9667
54211,50.5833,16.0333
54212,50.5667,16.0833
54213,50.5333,16.1167
54221,50.69,15.6833
54223,50.6022,15.8539
54224,50.6064,15.8256
54225,50.6333,15.7833
54226,50.6667,15.8
54227,50.7333,15.8
54232,50.4833,15.9833
54233,50.5,16.0667
54234,50.5333,16.0667
54235,50.5333,16.0333
54236,50.4833,16
54237,50.5167,16.05
54238,50.4833,16.0333
54241,50.5667,15.8167
54242,50.5292,15.8125
54243,50.5333,15.8667
54301,50.6222,15.6075
54302,50.65,15.6
54303,50.6,15.6167
54341,50.6167,15.65
54342,50.65,15.65
54344,50.6333,15.7167
54351,50.7167,15.6
54352,50.6667,15.6167
54361,50.6,15.5833
54362,50.6,15.5833
54371,50.6,15.9833
54372,50.6,15.7667
54373,50.5667,15.7
54374,50.55,15.6333
54375,50.5167,15.7167
54376,50.5167,15.7667
54377,50.55,15.7667
54401,50.4171,15.7775
54404,50.4167,15.85
54442,50.4333,15.8833
54444,50.4167,15.9333
54451,50.4,15.7667
54452,50.4,15.7333
54454,50.3667,15.75
54455,50.3667,15.7833
54456,50.3833,15.8333
54461,50.4667,15.75
54462,50.4833,15.7833
54464,50.4667,15.8667
54466,50.4667,15.9167
54472,50.4667,15.7333
54474,50.4667,15.6833
54475,50.5,15.7
54477,50.5167,15.6167
56002,49.8667,16.4667
56101,50.0167,16.4333
56102,49.9833,16.5
56112,50,16.3
56113,50.0333,16.2833
56114,50.0333,16.3833
56115,50.0667,16.35
56116,50,16.3833
56117,49.9333,16.4167
56118,49.9,16.3667
56122,49.9333,16.55
56123,49.8667,16.6
56124,49.8667,16.5
56125,49.9,16.55
56131,49.8667,16.7
56132,49.9333,16.7333
56133,49.95,16.7167
56134,49.9833,16.6667
56141,49.9667,16.35
56151,50.0167,16.5167
56152,50,16.5667
56153,49.9833,16.5833
56154,50.0167,16.6167
56155,50.0333,16.6833
56156,49.9667,16.5833
56161,50.0333,16.75
56162,50.0167,16.75
56163,50.0667,16.55
56164,50.0333,16.6
56165,50.05,16.6333
56166,50.0667,16.6167
56167,50.1,16.6167
56168,50.0833,16.6667
56169,50.1,16.75
56170,50.05,16.45
56181,50.1333,16.5
56182,50.1,16.55
56184,50.0833,16.5167
56185,50.0667,16.3833
56186,50.1,16.3833
56201,50,16.3167
56203,49.95,16.3833
56204,49.9877,16.3384
56206,49.9877,16.3384
56401,50.05,16.4
56501,50.0333,16.2667
56542,49.9667,16.0833
56543,49.9833,16.15
56544,50,16.1833
56552,49.9333,16.25
56553,49.9333,16.3
56555,49.9167,16.2
67801,49.3333,16.6167
67901,49.45,16.6
67902,49.4,16.65
67903,49.3333,16.6667
67904,49.3167,16.6667
67905,49.3,16.8
67906,49.35,16.7667
67907,49.3667,16.8
67911,49.4333,16.6333
67913,49.4333,16.8167
67914,49.3833,16.7667
67915,49.4,16.8
67921,49.4167,16.5833
67922,49.3667,16.5667
67923,49.4333,16.4
67924,49.3833,16.5
67931,49.5,16.5833
67932,49.5,16.6
67933,49.5333,16.6333
67934,49.5333,16.7
67935,49.55,16.7167
67936,49.5667,16.6667
67937,49.5833,16.6667
67938,49.5833,16.7167
67939,49.6,16.7667
67951,49.45,16.7167
67952,49.4667,16.75
67953,49.5,16.7667
67961,49.55,16.55
67962,49.5833,16.4833
67963,49.6167,16.6667
67965,49.5833,16.55
67971,49.4333,16.4667
67972,49.5333,16.55
67973,49.5333,16.4667
67974,49.5667,16.4167
67975,49.4833,16.4333
67976,49.4667,16.55
68001,49.4833,16.7667
60200,48.7667,14.7833
60300,48.7667,14.7833
61200,49.2167,16.5667
61300,49.2931,15.8639
61400,49.2167,16.6333
61500,49.0167,16.3667
61600,49,14.3333
61700,49.25,14.6
61800,49.6167,13
61900,49.1556,16.6222
62000,49.1458,16.6708
62100,49.2667,16.6
62300,49.2,16.5333
62400,49.2167,16.55
62500,49.1333,13.9667
62700,48.95,13.7167
62800,50.0667,14.4667
63400,49.1417,16.3667
63500,49.2333,16.5167
63600,49.1417,16.3667
63700,49.2,16.55
63800,48.9,15.8667
63900,49.1417,16.3667
64100,49.2,16.4833
64200,49.1667,16.5333
64300,49.1333,16.6667
64400,49.25,16.6333
66401,49.2833,16.7
66402,49.2333,16.7833
66403,49.1833,16.7333
66404,49.2333,16.75
66405,49.2,16.75
66406,49.2,16.8167
66407,49.2,16.7833
66408,49.1667,16.7833
66411,49.15,16.35
66412,49.1333,16.2833
66417,49.1667,16.3833
66423,49.3167,16.4833
66424,49.3333,16.4833
66431,49.2833,16.5667
66432,49.3167,16.6167
66434,49.2667,16.5333
66441,49.1833,16.4833
66442,49.1333,16.6167
66443,49.1,16.5667
66444,49.1167,16.5333
66446,49.1,16.4667
66447,49.15,16.5
66448,49.1333,16.55
66449,49.1667,16.55
66451,49.15,16.75
66452,49.1167,16.7333
66453,49.0833,16.7333
66454,49.05,16.7667
66455,49.05,16.7333
66456,49.0667,16.65
66457,49.0833,16.7167
66458,49.1333,16.7667
66459,49.1,16.7333
66461,49.0667,16.6167
66462,49.05,16.5667
66463,49.0167,16.6
66464,49.0667,16.4667
66465,49.0167,16.5
66466,49.05,16.5
66467,49.0667,16.5333
66471,49.3,16.35
66475,49.3167,16.35
66481,49.2333,16.4167
66482,49.2167,16.3833
66483,49.2333,16.3333
66484,49.2,16.3
66491,49.15,16.3833
66501,49.3333,15.6167
66601,49.3833,16.4667
66602,49.3667,16.3833
66603,49.3333,16.5
66701,49.0333,16.6167
69002,48.7667,16.85
69003,48.7667,16.85
69006,48.7667,16.85
69101,48.8333,16.9333
69102,48.85,16.9
69103,48.85,16.8167
69104,48.85,16.7667
69105,48.8667,16.7667
69106,48.9,16.8167
69107,48.9333,16.8167
69108,48.9167,16.85
69109,48.9167,16.9
69110,48.9333,16.9
69111,48.95,16.8833
69112,48.9667,16.8167
69121,48.7833,16.7
69122,48.9,16.55
69123,48.9167,16.5833
69124,48.9667,16.5833
69125,48.9667,16.6
69126,48.9333,16.6167
69127,48.9333,16.6667
69129,48.8833,16.65
69130,48.9333,16.4833
69141,48.75,16.8667
69142,48.7333,16.6833
69143,48.7833,16.7667
69144,48.8167,16.7667
69145,48.8333,16.85
69146,48.8,16.8667
69151,48.7333,16.9667
69152,48.75,16.9833
69153,48.7667,17
69154,48.7833,17.0167
69155,48.8,17.0167
69156,48.7833,16.9833
69162,48.9667,16.6667
69163,48.9833,16.6667
69164,49.0167,16.6667
69165,49,16.7167
69167,48.9,16.7
69171,48.9833,16.7833
69172,49.0167,16.9
69173,48.9833,16.9167
69174,49.0333,16.8667
69175,49.0333,16.8167
69176,49.0167,16.7833
69181,48.8167,16.5667
69182,48.8333,16.5
69183,48.8333,16.4667
69185,48.85,16.6
69186,48.85,16.6333
69188,48.85,16.7
69189,48.8333,16.75
69201,48.9,16.65
69301,48.9167,16.7667
76001,49.2167,17.7
76005,49.2292,17.6687
76301,49.25,17.6
76302,49.2167,17.6167
76307,49.1167,17.6833
76311,49.2167,17.75
76312,49.2167,17.8833
76314,49.2667,17.7333
76315,49.2667,17.8
76316,49.3,17.7
76317,49.3,17.7333
76318,49.3,17.8333
76319,49.3167,17.7667
76321,49.0667,17.9167
76323,49.1333,17.8167
76324,49.1167,17.95
76325,49.1833,17.9333
76326,49.1333,17.75
76331,49.1,18.0333
76332,49.1,18.0667
76333,49.0667,17.9667
76334,49.05,18.0333
76341,49.1167,17.65
76345,49.1667,17.7333
76351,49.1667,17.6083
76361,49.2,17.5
76362,49.25,17.5
76363,49.1667,17.4667
76364,49.15,17.5167
76502,49.2,17.55
76601,49.15,17.95
69501,48.8667,17.1333
69601,48.9333,17.1667
69602,48.9333,17.1667
69603,48.9167,17.1
69604,48.9667,17.0833
69605,48.9667,17.1333
69606,48.95,17.1833
69611,48.9167,17.0167
69612,48.95,17
69613,48.9667,17.0333
69614,48.9333,16.9667
69615,48.9,16.95
69616,48.8667,16.9667
69617,48.85,17.0167
69618,48.85,17.0667
69619,48.8167,17.0667
69621,48.8333,17.0167
69631,49.05,17.0833
69632,49.0667,17.0333
69633,49.0333,17.0167
69634,49.05,16.9667
69635,49.0333,16.9167
69636,49.0167,16.9667
69637,49.0167,17
69638,49,17.0333
69639,49.0833,17.0667
69641,48.9833,17.15
69642,48.9833,17.2167
69647,49.0333,17.2333
69648,49.0333,17.2167
69649,49,17.1833
69650,49.05,17.1667
69651,49.0333,17.15
69655,49.05,17.1333
69661,48.9333,17.35
69662,48.9,17.3167
69663,48.9167,17.3833
69664,48.8833,17.3833
69665,48.8833,17.2833
69666,48.8667,17.2667
69667,48.8667,17.35
69671,48.9333,17.5333
69672,48.9,17.45
69673,48.8667,17.4667
69674,48.8667,17.6333
69676,48.9167,17.5
69681,48.9833,17.2667
69683,49,17.2833
69684,49.0333,17.2667
69685,48.9833,17.3333
69701,49.0167,17.1333
69801,48.9667,17.4
58601,49.4333,15.6667
58602,49.4667,15.6
58603,49.4,15.6333
58605,49.4,15.55
58801,49.4833,15.5333
58805,49.4,15.4333
58811,49.4667,15.6333
58812,49.4833,15.6667
58813,49.5,15.7667
58821,49.4,15.6667
58822,49.3833,15.6833
58823,49.3667,15.7833
58824,49.4,15.7833
58825,49.4167,15.8333
58826,49.45,15.7667
58827,49.45,15.7333
58831,49.3833,15.6667
58832,49.3167,15.7167
58833,49.3167,15.5667
58834,49.2333,15.6
58835,49.3333,15.5833
58841,49.4333,15.5167
58842,49.4667,15.4333
58844,49.35,15.4
58845,49.35,15.4667
58851,49.3667,15.4833
58852,49.2667,15.3167
58854,49.1833,15.3833
58856,49.1333,15.4667
58861,49.3,15
58862,49.1833,15.5
58864,49.1167,15.6
58865,49.1333,15.5667
58866,49.15,15.6167
58867,49.1833,15.6
58901,49.2833,15.45
67526,49.1333,15.6333
76701,49.25,17.4
76801,49.2667,17.3833
76802,49.2333,17.3667
76803,49.1833,17.2833
76804,49.15,17.2167
76805,49.1167,17.1833
76811,49.3833,17.4167
76812,49.2833,17.3333
76813,49.2167,17.2333
76821,49.2167,17.4833
76823,49.35,17.4667
76824,49.3333,17.5
76831,49.3167,17.3167
76832,49.25,17.2833
76833,49.25,17.1833
76834,49.5,17.6167
76841,49.35,17.7
76842,49.3667,17.5833
76843,49.3667,17.5333
76852,49.3,17.5333
76861,49.4333,17.75
76871,49.4167,17.8167
76872,49.3833,17.7167
76875,49.4167,17.7167
76901,49.3333,17.5833
78342,49.55,17.1
79601,49.4333,17.1167
79603,49.4667,17.1
79604,49.4667,17.0667
79607,49.5,17.1333
79802,49.4667,17.05
79803,49.4667,16.9667
79804,49.3833,17.0333
79805,49.4,17.0333
79806,49.4,17.05
79807,49.3833,17.1
79808,49.4,17.1
79809,49.4,17.1333
79811,49.4833,17.15
79812,49.4667,17.2333
79813,49.5,17.2
79814,49.4949,17.1705
79816,49.5167,17.1
79817,49.5,17.1
79821,49.45,17.2
79823,49.4,17.2167
79824,49.3833,17.1833
79825,49.3667,17.15
79826,49.3167,17.15
79827,49.3333,17.2167
79828,49.3333,17.2
79829,49.2833,17.1667
79830,49.3,17.2167
79841,49.5333,17
79842,49.5,17.0333
79843,49.5,16.9667
79844,49.55,16.9167
79845,49.55,16.8833
79846,49.55,16.8333
79847,49.5667,16.75
79848,49.4833,16.8333
79849,49.5,16.8833
79851,49.5667,16.9667
79852,49.5833,16.9167
79853,49.6167,16.85
79854,49.65,16.8333
79855,49.65,16.9
79856,49.6167,16.9667
79857,49.6,17
79858,49.55,17.05
79861,49.45,16.8833
79862,49.4,16.8333
67401,49.25,15.8667
67501,49.2,15.95
67502,49.2,16.0667
67503,49.25,16.0167
67504,49.3,15.9833
67505,49.3167,15.9667
67506,49.3,15.8667
67507,49.7167,15.85
67508,49.3167,15.8
67521,49.2667,15.7333
67522,49.2,15.8333
67523,49.1667,15.8167
67524,49.15,15.7833
67525,49.1833,15.7667
67527,49.2333,15.6167
67528,49.2333,15.6667
67529,49.2667,15.6667
67531,49.05,15.55
67532,48.9667,15.5833
67533,49.0051,15.5957
67534,48.9667,15.6167
67541,49.0167,15.75
67542,49.05,15.65
67543,49.0833,15.7
67544,49.1,15.7833
67545,49.1333,15.8167
67551,49.1167,15.8833
67552,49.1667,15.9333
67553,49.15,16.0333
67554,49.1333,16.0833
67555,49.1,16.0167
67556,49.0833,16.2
67557,49.0333,15.9833
67558,49.0333,16.0167
67559,49.1061,15.982
67560,49.1,15.9833
67571,49.25,16.1667
67573,49.1833,16.25
67574,49.1667,16.2
67575,49.1167,16.1833
67576,49.1667,16.0833
67577,49.1333,16.1333
67578,49.2667,16.1333
67579,49.2833,16.1
67602,49.0833,15.8167
68601,49.1167,17.25
68603,49.0833,17.4667
68604,49.05,17.2
68605,49.0667,17.4833
68606,49.0681,17.4222
68703,49.1333,17.45
68704,49.1167,17.45
68705,49.1167,17.4333
68706,49.1167,17.4
68707,49.0833,17.3667
68708,49.1,17.35
68709,49.05,17.3333
68710,49.0667,17.3833
68711,49.1167,17.5667
68712,49.1,17.5167
68713,49.1333,17.5833
68722,49,17.4333
68723,48.9833,17.4667
68724,48.9833,17.3833
68725,48.9833,17.5333
68731,49.0333,17.75
68732,49.0667,17.7333
68733,49.0333,17.5667
68734,49.0333,17.6833
68737,49.0333,17.3167
68738,49.0333,17.3833
68741,49.05,17.2667
68742,49.0667,17.25
68751,48.9833,17.6333
68752,48.9333,17.6667
68753,48.9667,17.7167
68754,48.9833,17.7167
68755,48.9833,17.7833
68756,49.0667,17.6333
68761,49.0167,17.5833
68762,48.9833,17.5833
68763,48.9458,17.6729
68764,48.95,17.6167
68765,48.9,17.7333
68766,48.8833,17.7167
68767,48.95,17.7833
68771,49,17.8333
68774,48.95,17.8333
68801,49.0333,17.6167
68201,49.2667,17.0667
68301,49.1833,16.85
68303,49.25,16.9333
68304,49.3,16.9
68305,49.2667,16.9
68308,49.2833,16.75
68321,49.3333,17.0167
68323,49.2833,17.1333
68333,49.1667,17.0833
68335,49.1667,16.95
68341,49.2167,17.0333
68351,49.1833,16.8167
68352,49.1333,16.8167
68354,49.0833,16.85
68401,49.1667,16.9
68501,49.1833,17.0167
66902,48.8667,16.0833
66904,48.8833,16.0333
67101,48.8833,15.9667
67102,48.9,15.8667
67103,48.9,15.8167
67106,48.9,15.7667
67107,48.9333,15.65
67110,48.95,15.7167
67122,48.8,16.0167
67124,48.8167,16.1
67125,48.8333,16.1667
67126,48.7667,16.3
67127,48.7667,16.2667
67128,48.7833,16.2167
67129,48.8,16.1833
67131,48.9,16.0667
67132,48.9333,16.0833
67133,48.95,16.1
67134,48.95,16.1667
67138,48.9833,16.15
67139,49,16.0833
67140,49.0333,16.1
67142,49.0167,16.25
67151,48.8833,16
67152,48.9167,16.0167
67153,48.9667,16.0167
67154,48.9833,15.8667
67155,48.9833,15.8333
67156,48.9833,15.8833
67161,48.9167,16.1667
67162,48.9,16.25
67163,48.8667,16.2333
67164,48.8333,16.2833
67165,48.8833,16.2833
67167,48.8333,16.4
67168,48.8,16.3833
67169,48.75,16.3833
67171,48.9667,16.2333
67172,48.9167,16.3333
67173,49.0333,16.2
67175,49.0167,16.3833
67176,48.9833,16.35
67177,48.9667,16.4333
67178,48.9167,16.3833
67181,48.8333,16.05
67182,48.85,16.0833
67201,49.0667,16.3167
59101,49.5667,15.8833
59102,49.6,15.9167
59201,49.7,15.9667
59202,49.6667,16.1
59203,49.8167,15.75
59204,49.6167,16.0333
59211,49.5667,15.85
59212,49.5333,15.8
59213,49.4833,15.8833
59214,49.5333,15.9167
59231,49.5667,16.0833
59232,49.5333,16
59233,49.5167,16.0667
59241,49.6,16.25
59242,49.6333,16.1833
59244,49.6167,16.1667
59245,49.5833,16.2
59251,49.4667,16.1833
59252,49.4833,16.2333
59253,49.45,16.2167
59254,49.45,16.15
59255,49.45,16.1
59256,49.5,16.1833
59257,49.5333,16.1833
59261,49.4167,16.3167
59262,49.45,16.3
59263,49.4853,16.3365
59264,49.5333,16.3833
59265,49.6,16.35
59266,49.55,16.3333
59301,49.5167,16.2667
59401,49.35,15.9
59441,49.35,15.9333
59442,49.4,15.9
59444,49.4667,15.9167
59445,49.4833,15.9833
59451,49.3667,16.2
59452,49.35,16.1333
59453,49.35,16.1667
59454,49.3,16.2667
59455,49.3333,16.2833
59456,49.3833,16.2667
59457,49.3833,16.2167
59458,49.3833,16.1667
59461,49.4167,16.05
59501,49.2667,16.2
79201,50.0833,17.45
79302,49.9,17.4333
79303,49.85,17.4167
79305,49.8,17.4667
79312,49.9667,17.65
79315,50.0167,17.65
79316,50.0667,17.55
79323,50.1167,17.45
79324,50.0667,17.3
79326,50.4167,16.9833
79331,50.0167,17.35
79336,50.0167,17.3167
79342,49.95,17.25
79344,49.9,17.1833
79351,49.85,17.2833
79356,49.8667,17.35
79368,49.9167,17.5667
79371,50.1333,17.5
79374,50.1667,17.4
79382,50.2,17.5833
79383,50.25,17.5167
79384,50.25,17.4833
79391,50.05,17.75
79393,50.0667,17.6167
79395,50.25,17.2333
79397,50.2167,17.7333
79399,50.2333,17.6167
79401,50.1,17.7167
79501,49.95,17.3333
73801,49.6833,18.35
73901,49.65,18.3667
73904,49.6,18.5333
73908,49.65,18.4167
73911,49.6167,18.4167
73912,49.5667,18.3833
73913,49.55,18.2667
73914,49.55,18.3833
73915,49.4333,18.45
73921,49.7333,18.2667
73923,49.7333,18.1833
73924,49.7333,18.2333
73925,49.7,18.3333
73932,49.75,18.3167
73934,49.6167,18
73936,49.75,18.3833
73937,49.75,18.4333
73938,49.7,18.4667
73939,49.7347,18.3431
73941,49.6333,18.3167
73942,49.6667,18.3
73943,49.6833,18.2667
73944,49.7,18.2167
73945,49.6667,18.2333
73946,49.6167,18.2167
73947,49.6,18.3
73949,49.6167,18.3333
73951,49.6833,18.4667
73953,49.65,18.5167
73955,49.65,18.6
73959,49.7,18.5667
73961,49.7,18.6333
73981,49.6,18.6833
73984,49.5667,18.8
73991,49.5667,18.75
73992,49.5833,18.7667
73994,49.6333,18.7
73995,49.6333,18.7167
73997,49.6167,18.75
73998,49.5333,18.75
73301,49.7778,18.5
73401,49.8667,18.5833
73503,50.0083,15.775
73506,50.15,15.5
73511,49.8333,18.4333
73514,49.8667,18.4167
73531,49.9,18.3833
73532,49.8667,18.3667
73533,49.8667,18.4833
73534,49.8,18.5333
73535,49.8,18.5
73541,49.8333,18.4
73542,49.75,18.5
73543,49.7833,18.5333
73551,49.9,18.3333
73552,49.8833,18.3833
73553,49.9333,18.4167
73561,49.7667,18.5833
73562,49.7333,18.5667
73564,49.8,18.4667
73571,49.8833,18.4833
73572,49.9,18.5
73581,49.9167,18.3333
73583,49.925,18.35
73601,49.7833,18.4167
73701,49.7167,18.5667
74101,49.5667,17.95
74201,49.6667,17.9167
74213,49.7333,18.0833
74221,49.6,18.2
74231,49.5833,17.9667
74233,49.6,17.9333
74235,49.6667,17.8833
74236,49.7,17.8
74237,49.7167,17.7333
74242,49.7205,17.9308
74243,49.7,18
74245,49.6833,17.8833
74247,49.6833,17.95
74251,49.6833,18.1333
74253,49.6333,17.9833
74254,49.6667,18.05
74255,49.7,18.1
74256,49.6667,18.0833
74257,49.6167,18.1
74258,49.6667,18.1833
74260,49.5889,18.1056
74265,49.6,18.1
74266,49.6,18.1
74267,49.5667,18.1167
74271,49.5333,18.0333
74272,49.5333,18.0667
74273,49.55,18.1167
74274,49.5667,18.2333
74275,49.5667,18.1667
74281,49.75,18.0833
74282,49.75,18.1333
74283,49.8,18.1
74285,49.8333,18.1333
74291,49.75,18.05
74292,49.7833,18.05
74293,49.7833,17.9833
74301,49.7667,18.0333
74401,49.5167,18.25
75103,49.5,17.3333
75131,49.5833,17.5667
75362,49.6833,17.6667
77200,49.6,17.3167
77900,49.6167,17.2333
78301,49.55,17.25
78305,49.7667,17.3667
78306,49.7167,17.5167
78313,49.6833,17.2167
78314,49.6667,17.2833
78316,49.65,17.3333
78321,49.7167,16.9667
78322,49.65,17.0667
78323,49.6333,17.0333
78324,49.6667,16.9667
78325,49.7,16.9167
78332,49.6667,17.15
78333,49.6667,17.1667
78335,49.65,17.2
78336,49.6333,17.1833
78344,49.5667,17.0667
78345,49.6333,17.1
78346,49.5833,17.1667
78347,49.5667,17.1833
78349,49.5667,17.1333
78353,49.6,17.35
78354,49.5833,17.4
78355,49.6167,17.5333
78356,49.5667,17.4333
78357,49.55,17.45
78361,49.6333,17.4
78365,49.6,17.4
78371,49.5667,17.3
78372,49.55,17.3167
78373,49.5333,17.3167
78375,49.5333,17.25
78383,49.8,17.1
78385,49.8333,17.1333
78386,49.8333,17.2
78391,49.75,17.1
78396,49.7667,17.1833
78397,49.8,17.2333
78401,49.6667,17.1
78501,49.7667,17.3
74601,49.8667,17.6667
74705,49.95,17.9167
74706,49.8833,17.9833
74707,49.95,17.8667
74711,49.9333,18.15
74714,49.9,18.2333
74715,49.9333,18.2667
74716,49.95,18.25
74717,49.9333,18.2333
74718,49.9833,18.2
74719,49.95,18.1333
74720,49.95,18.2
74721,49.9333,18
74722,49.9167,18.0833
74723,49.9667,18.15
74724,50,18.1
74725,50.0167,18.0833
74727,49.9833,18.05
74728,49.9667,18.0333
74731,49.9667,17.9667
74733,49.9833,17.9667
74735,50,18.0167
74741,49.8167,17.95
74743,49.7833,17.8333
74744,49.8,17.8667
74745,49.8167,17.9167
74747,49.75,17.75
74751,49.9333,17.8167
74752,49.9333,17.6833
74753,49.9167,17.6833
74754,49.9,17.7167
74755,49.9,17.7167
74756,49.9,17.7833
74757,49.9167,17.8333
74761,49.8833,17.9333
74762,49.9,18.0333
74763,49.8833,18.0833
74764,49.8333,18.0833
74766,49.85,18.1
74767,49.8607,18.0369
74768,49.8333,18.05
74769,49.85,18
74770,49.9167,17.9667
74771,50.0167,17.75
74773,49.9833,17.8667
74774,49.9833,17.7667
74775,50,17.75
74781,49.9167,17.8667
74782,49.8833,17.8167
74784,49.9,17.85
74786,49.8333,17.6833
74787,49.8,17.6667
74791,49.9167,18.0167
74792,49.9,18.1
74794,49.8667,18.1667
74795,49.9,17.9833
74801,49.9167,18.2167
74901,49.8,17.7667
70030,49.8167,18
70200,49.8667,18.2667
70250,49.85,18.275
70300,49.4,13.4333
70800,49.8333,18.1667
70900,50.7667,15.2833
71000,49.8333,18.2833
71100,49.9,18.3167
71200,49.85,18.3
71300,48.8833,16.2833
71400,49.7364,17.7742
71500,49.8333,18.35
71600,49.8833,14.9333
71700,49.7833,18.35
71800,49.8167,18.3
71900,49.5667,17.8
72000,49.8667,16.95
72100,50.1,12.9833
72200,48.8833,14.15
72300,49.9333,12.75
72400,49.75,18.25
72525,49.7833,18.1667
72526,49.85,18.1333
72527,49.7278,18.0833
72528,49.7278,18.0833
72529,49.55,17.95
75002,49.3833,17.4833
75003,49.4,17.48
75101,49.4,17.2833
75102,49.4333,17.35
75104,49.4667,17.4
75105,49.5,17.3833
75111,49.5,17.55
75114,49.45,17.6333
75115,49.4333,17.55
75116,49.4333,17.5167
75117,49.4167,17.4667
75118,49.3833,17.45
75119,49.4,17.4167
75121,49.5,17.45
75122,49.5167,17.5333
75123,49.55,17.5333
75124,49.5833,17.7167
75125,49.5667,17.5
75127,49.5167,17.4333
75144,49.3833,17.2667
75201,49.3333,17.25
75301,49.5,17.8333
75352,49.5167,17.8
75353,49.5,17.8167
75354,49.45,17.6667
75355,49.5,17.7167
75356,49.5,17.75
75361,49.5667,17.6667
75363,49.6167,17.75
75364,49.5667,17.8333
75366,49.5333,17.8833
75367,49.5333,17.85
75368,49.5333,17.7833
78701,50.0167,16.95
78801,49.8833,17.1333
78803,49.95,17.0167
78804,49.9167,17.0333
78805,49.8667,17.1167
78811,50.0833,17.1
78813,49.9833,17.0167
78814,49.9833,17.0167
78815,50.0333,17.0833
78816,50.0167,17.1
78820,49.9333,16.9667
78821,49.9,16.95
78823,50.25,17.5167
78825,50.15,17.0167
78832,50.1167,16.9167
78833,50.0833,16.95
78901,49.8167,16.9167
78961,49.95,16.9333
78962,49.95,16.8667
78963,49.9833,16.8833
78964,50.0167,16.8833
78969,49.9167,16.9167
78971,49.8667,16.9333
78972,49.8333,16.95
78973,49.8333,17.0167
78974,49.8667,17.0333
78975,49.8833,17
78982,49.75,16.9833
78983,49.75,16.9333
78985,49.7667,16.8167
78991,49.9667,16.7667
75501,49.3,17.9667
75601,49.3,18.0667
75602,49.3286,18.1929
75603,49.3167,18.15
75604,49.35,18.2167
75605,49.35,18.2333
75606,49.3667,18.3
75607,49.2667,18.0667
75611,49.2833,18
75612,49.1833,18.1
75614,49.2,18.1
75621,49.3667,17.9167
75622,49.35,17.8833
75623,49.3833,17.9333
75624,49.4333,17.9167
75625,49.4,18
75627,49.4333,18.0833
75631,49.2833,17.9167
75641,49.55,17.8833
75642,49.5,17.9
75643,49.4833,17.8167
75644,49.4333,17.8333
75645,49.4667,17.9
75651,49.4667,18.0333
75652,49.4619,18.1333
75653,49.45,18.0833
75654,49.4833,18.0833
75655,49.4667,18.1667
75656,49.45,18.2333
75657,49.4333,18.2833
75661,49.45,18.1833
75662,49.4333,18.2167
75663,49.4833,18
75701,49.4667,17.8167
79001,50.1667,17.1667
79003,50.25,17.1833
79051,50.3,17.25
79052,50.3333,17.2667
79053,50.3333,17.2
79054,50.3167,17.1667
79055,50.3667,17.1833
79057,50.4,17.0833
79058,50.3667,17.15
79061,50.2167,17.1667
79063,50.2333,17.1167
79064,50.2833,17.1
79065,50.3167,17.1
79069,50.4333,16.9
79070,50.4167,16.95
79081,50.25,17.2333
79082,50.2667,17.25
79084,50.3333,17.3333
79376,50.2833,17.35
